debugWOR3GX:debugOW5W0N,0,1526542646776,"{""phase"": ""INSTRUCTIONS"", ""templates"": [""instructions/instruct-1.html"", ""instructions/instruct-2.html"", ""instructions/instruct-3.html"", ""instructions/instruct-ready.html""], ""action"": ""Begin""}"
debugWOR3GX:debugOW5W0N,1,1526542657453,"{""phase"": ""INSTRUCTIONS"", ""indexOf"": 0, ""viewTime"": 10675, ""action"": ""NextPage"", ""template"": ""instructions/instruct-1.html""}"
debugWOR3GX:debugOW5W0N,2,1526542669433,"{""phase"": ""INSTRUCTIONS"", ""indexOf"": 1, ""viewTime"": 11978, ""action"": ""NextPage"", ""template"": ""instructions/instruct-2.html""}"
debugWOR3GX:debugOW5W0N,3,1526542675924,"{""phase"": ""INSTRUCTIONS"", ""indexOf"": 2, ""viewTime"": 6487, ""action"": ""NextPage"", ""template"": ""instructions/instruct-3.html""}"
debugWOR3GX:debugOW5W0N,4,1526542719581,"{""phase"": ""INSTRUCTIONS"", ""indexOf"": 3, ""viewTime"": 43653, ""action"": ""FinishInstructions"", ""template"": ""instructions/instruct-ready.html""}"
debugWOR3GX:debugOW5W0N,5,1526542722415,"{""rt"": 2825, ""im1relation"": ""1"", ""im2relation"": ""0"", ""rep"": 0, ""pair_ind"": 26, ""im1"": ""https://raw.githubusercontent.com/amandasongmm/impression_personality/master/static/amt_responsible/150134.jpg"", ""im2"": ""https://raw.githubusercontent.com/amandasongmm/impression_personality/master/static/amt_responsible/083021.jpg"", ""tasktype"": ""ground_truth"", ""phase"": ""TEST"", ""hit"": true}"
debugWOR3GX:debugOW5W0N,6,1526542724498,"{""rt"": 2082, ""im1relation"": ""1"", ""im2relation"": ""0"", ""rep"": 1, ""pair_ind"": 8, ""im1"": ""https://raw.githubusercontent.com/amandasongmm/impression_personality/master/static/amt_responsible/062871.jpg"", ""im2"": ""https://raw.githubusercontent.com/amandasongmm/impression_personality/master/static/amt_responsible/096230.jpg"", ""tasktype"": ""ground_truth"", ""phase"": ""TEST"", ""hit"": true}"
debugWOR3GX:debugOW5W0N,7,1526542725988,"{""rt"": 1490, ""im1relation"": ""0"", ""im2relation"": ""1"", ""rep"": 0, ""pair_ind"": 33, ""im1"": ""https://raw.githubusercontent.com/amandasongmm/impression_personality/master/static/amt_responsible/037932.jpg"", ""im2"": ""https://raw.githubusercontent.com/amandasongmm/impression_personality/master/static/amt_responsible/050181.jpg"", ""tasktype"": ""ground_truth"", ""phase"": ""TEST"", ""hit"": true}"
debugWOR3GX:debugOW5W0N,8,1526542728118,"{""rt"": 2129, ""im1relation"": ""0"", ""im2relation"": ""1"", ""rep"": 0, ""pair_ind"": 16, ""im1"": ""https://raw.githubusercontent.com/amandasongmm/impression_personality/master/static/amt_responsible/021977.jpg"", ""im2"": ""https://raw.githubusercontent.com/amandasongmm/impression_personality/master/static/amt_responsible/155810.jpg"", ""tasktype"": ""ground_truth"", ""phase"": ""TEST"", ""hit"": true}"
debugWOR3GX:debugOW5W0N,9,1526542729636,"{""rt"": 1517, ""im1relation"": ""0"", ""im2relation"": ""1"", ""rep"": 0, ""pair_ind"": 32, ""im1"": ""https://raw.githubusercontent.com/amandasongmm/impression_personality/master/static/amt_responsible/178011.jpg"", ""im2"": ""https://raw.githubusercontent.com/amandasongmm/impression_personality/master/static/amt_responsible/195507.jpg"", ""tasktype"": ""ground_truth"", ""phase"": ""TEST"", ""hit"": true}"
debugWOR3GX:debugOW5W0N,10,1526542731228,"{""rt"": 1592, ""im1relation"": ""1"", ""im2relation"": ""0"", ""rep"": 0, ""pair_ind"": 17, ""im1"": ""https://raw.githubusercontent.com/amandasongmm/impression_personality/master/static/amt_responsible/037451.jpg"", ""im2"": ""https://raw.githubusercontent.com/amandasongmm/impression_personality/master/static/amt_responsible/059649.jpg"", ""tasktype"": ""ground_truth"", ""phase"": ""TEST"", ""hit"": true}"
debugWOR3GX:debugOW5W0N,11,1526542734014,"{""rt"": 2786, ""im1relation"": ""1"", ""im2relation"": ""0"", ""rep"": 0, ""pair_ind"": 19, ""im1"": ""https://raw.githubusercontent.com/amandasongmm/impression_personality/master/static/amt_responsible/066878.jpg"", ""im2"": ""https://raw.githubusercontent.com/amandasongmm/impression_personality/master/static/amt_responsible/154412.jpg"", ""tasktype"": ""ground_truth"", ""phase"": ""TEST"", ""hit"": true}"
debugWOR3GX:debugOW5W0N,12,1526542736833,"{""rt"": 2818, ""im1relation"": ""1"", ""im2relation"": ""0"", ""rep"": 0, ""pair_ind"": 12, ""im1"": ""https://raw.githubusercontent.com/amandasongmm/impression_personality/master/static/amt_responsible/124399.jpg"", ""im2"": ""https://raw.githubusercontent.com/amandasongmm/impression_personality/master/static/amt_responsible/053640.jpg"", ""tasktype"": ""ground_truth"", ""phase"": ""TEST"", ""hit"": true}"
debugWOR3GX:debugOW5W0N,13,1526542739189,"{""rt"": 2356, ""im1relation"": ""1"", ""im2relation"": ""0"", ""rep"": 1, ""pair_ind"": 13, ""im1"": ""https://raw.githubusercontent.com/amandasongmm/impression_personality/master/static/amt_responsible/050911.jpg"", ""im2"": ""https://raw.githubusercontent.com/amandasongmm/impression_personality/master/static/amt_responsible/161851.jpg"", ""tasktype"": ""ground_truth"", ""phase"": ""TEST"", ""hit"": false}"
debugWOR3GX:debugOW5W0N,14,1526542740645,"{""rt"": 1456, ""im1relation"": ""1"", ""im2relation"": ""0"", ""rep"": 1, ""pair_ind"": 29, ""im1"": ""https://raw.githubusercontent.com/amandasongmm/impression_personality/master/static/amt_responsible/073886.jpg"", ""im2"": ""https://raw.githubusercontent.com/amandasongmm/impression_personality/master/static/amt_responsible/127601.jpg"", ""tasktype"": ""ground_truth"", ""phase"": ""TEST"", ""hit"": true}"
debugWOR3GX:debugOW5W0N,15,1526542742149,"{""rt"": 1504, ""im1relation"": ""1"", ""im2relation"": ""0"", ""rep"": 1, ""pair_ind"": 19, ""im1"": ""https://raw.githubusercontent.com/amandasongmm/impression_personality/master/static/amt_responsible/066878.jpg"", ""im2"": ""https://raw.githubusercontent.com/amandasongmm/impression_personality/master/static/amt_responsible/154412.jpg"", ""tasktype"": ""ground_truth"", ""phase"": ""TEST"", ""hit"": true}"
debugWOR3GX:debugOW5W0N,16,1526542743636,"{""rt"": 1486, ""im1relation"": ""0"", ""im2relation"": ""1"", ""rep"": 1, ""pair_ind"": 27, ""im1"": ""https://raw.githubusercontent.com/amandasongmm/impression_personality/master/static/amt_responsible/048954.jpg"", ""im2"": ""https://raw.githubusercontent.com/amandasongmm/impression_personality/master/static/amt_responsible/058879.jpg"", ""tasktype"": ""ground_truth"", ""phase"": ""TEST"", ""hit"": true}"
debugWOR3GX:debugOW5W0N,17,1526542746887,"{""rt"": 3251, ""im1relation"": ""0"", ""im2relation"": ""1"", ""rep"": 1, ""pair_ind"": 15, ""im1"": ""https://raw.githubusercontent.com/amandasongmm/impression_personality/master/static/amt_responsible/172533.jpg"", ""im2"": ""https://raw.githubusercontent.com/amandasongmm/impression_personality/master/static/amt_responsible/076422.jpg"", ""tasktype"": ""ground_truth"", ""phase"": ""TEST"", ""hit"": false}"
debugWOR3GX:debugOW5W0N,18,1526542748634,"{""rt"": 1747, ""im1relation"": ""0"", ""im2relation"": ""1"", ""rep"": 0, ""pair_ind"": 28, ""im1"": ""https://raw.githubusercontent.com/amandasongmm/impression_personality/master/static/amt_responsible/183108.jpg"", ""im2"": ""https://raw.githubusercontent.com/amandasongmm/impression_personality/master/static/amt_responsible/161106.jpg"", ""tasktype"": ""ground_truth"", ""phase"": ""TEST"", ""hit"": true}"
debugWOR3GX:debugOW5W0N,19,1526542749609,"{""rt"": 974, ""im1relation"": ""1"", ""im2relation"": ""0"", ""rep"": 0, ""pair_ind"": 5, ""im1"": ""https://raw.githubusercontent.com/amandasongmm/impression_personality/master/static/amt_responsible/186784.jpg"", ""im2"": ""https://raw.githubusercontent.com/amandasongmm/impression_personality/master/static/amt_responsible/058718.jpg"", ""tasktype"": ""ground_truth"", ""phase"": ""TEST"", ""hit"": true}"
debugWOR3GX:debugOW5W0N,20,1526542750685,"{""rt"": 1075, ""im1relation"": ""0"", ""im2relation"": ""1"", ""rep"": 0, ""pair_ind"": 27, ""im1"": ""https://raw.githubusercontent.com/amandasongmm/impression_personality/master/static/amt_responsible/048954.jpg"", ""im2"": ""https://raw.githubusercontent.com/amandasongmm/impression_personality/master/static/amt_responsible/058879.jpg"", ""tasktype"": ""ground_truth"", ""phase"": ""TEST"", ""hit"": true}"
debugWOR3GX:debugOW5W0N,21,1526542757942,"{""rt"": 7255, ""im1relation"": ""0"", ""im2relation"": ""1"", ""rep"": 0, ""pair_ind"": 39, ""im1"": ""https://raw.githubusercontent.com/amandasongmm/impression_personality/master/static/amt_responsible/132670.jpg"", ""im2"": ""https://raw.githubusercontent.com/amandasongmm/impression_personality/master/static/amt_responsible/046077.jpg"", ""tasktype"": ""ground_truth"", ""phase"": ""TEST"", ""hit"": true}"
debugWOR3GX:debugOW5W0N,22,1526542760090,"{""rt"": 2148, ""im1relation"": ""0"", ""im2relation"": ""1"", ""rep"": 0, ""pair_ind"": 11, ""im1"": ""https://raw.githubusercontent.com/amandasongmm/impression_personality/master/static/amt_responsible/026582.jpg"", ""im2"": ""https://raw.githubusercontent.com/amandasongmm/impression_personality/master/static/amt_responsible/202381.jpg"", ""tasktype"": ""ground_truth"", ""phase"": ""TEST"", ""hit"": true}"
debugWOR3GX:debugOW5W0N,23,1526542761207,"{""rt"": 1116, ""im1relation"": ""0"", ""im2relation"": ""1"", ""rep"": 0, ""pair_ind"": 15, ""im1"": ""https://raw.githubusercontent.com/amandasongmm/impression_personality/master/static/amt_responsible/172533.jpg"", ""im2"": ""https://raw.githubusercontent.com/amandasongmm/impression_personality/master/static/amt_responsible/076422.jpg"", ""tasktype"": ""ground_truth"", ""phase"": ""TEST"", ""hit"": true}"
debugWOR3GX:debugOW5W0N,24,1526542762416,"{""rt"": 1209, ""im1relation"": ""0"", ""im2relation"": ""1"", ""rep"": 0, ""pair_ind"": 30, ""im1"": ""https://raw.githubusercontent.com/amandasongmm/impression_personality/master/static/amt_responsible/198203.jpg"", ""im2"": ""https://raw.githubusercontent.com/amandasongmm/impression_personality/master/static/amt_responsible/066620.jpg"", ""tasktype"": ""ground_truth"", ""phase"": ""TEST"", ""hit"": true}"
debugWOR3GX:debugOW5W0N,25,1526542763322,"{""rt"": 906, ""im1relation"": ""1"", ""im2relation"": ""0"", ""rep"": 1, ""pair_ind"": 36, ""im1"": ""https://raw.githubusercontent.com/amandasongmm/impression_personality/master/static/amt_responsible/105137.jpg"", ""im2"": ""https://raw.githubusercontent.com/amandasongmm/impression_personality/master/static/amt_responsible/003364.jpg"", ""tasktype"": ""ground_truth"", ""phase"": ""TEST"", ""hit"": true}"
debugWOR3GX:debugOW5W0N,26,1526542764517,"{""rt"": 1195, ""im1relation"": ""1"", ""im2relation"": ""0"", ""rep"": 0, ""pair_ind"": 21, ""im1"": ""https://raw.githubusercontent.com/amandasongmm/impression_personality/master/static/amt_responsible/086414.jpg"", ""im2"": ""https://raw.githubusercontent.com/amandasongmm/impression_personality/master/static/amt_responsible/152827.jpg"", ""tasktype"": ""ground_truth"", ""phase"": ""TEST"", ""hit"": true}"
debugWOR3GX:debugOW5W0N,27,1526542766418,"{""rt"": 1900, ""im1relation"": ""0"", ""im2relation"": ""1"", ""rep"": 0, ""pair_ind"": 10, ""im1"": ""https://raw.githubusercontent.com/amandasongmm/impression_personality/master/static/amt_responsible/143885.jpg"", ""im2"": ""https://raw.githubusercontent.com/amandasongmm/impression_personality/master/static/amt_responsible/157343.jpg"", ""tasktype"": ""ground_truth"", ""phase"": ""TEST"", ""hit"": true}"
debugWOR3GX:debugOW5W0N,28,1526542767969,"{""rt"": 1550, ""im1relation"": ""0"", ""im2relation"": ""1"", ""rep"": 0, ""pair_ind"": 0, ""im1"": ""https://raw.githubusercontent.com/amandasongmm/impression_personality/master/static/amt_responsible/109934.jpg"", ""im2"": ""https://raw.githubusercontent.com/amandasongmm/impression_personality/master/static/amt_responsible/051703.jpg"", ""tasktype"": ""ground_truth"", ""phase"": ""TEST"", ""hit"": true}"
debugWOR3GX:debugOW5W0N,29,1526542769071,"{""rt"": 1102, ""im1relation"": ""1"", ""im2relation"": ""0"", ""rep"": 0, ""pair_ind"": 4, ""im1"": ""https://raw.githubusercontent.com/amandasongmm/impression_personality/master/static/amt_responsible/069891.jpg"", ""im2"": ""https://raw.githubusercontent.com/amandasongmm/impression_personality/master/static/amt_responsible/101536.jpg"", ""tasktype"": ""ground_truth"", ""phase"": ""TEST"", ""hit"": true}"
debugWOR3GX:debugOW5W0N,30,1526542770774,"{""rt"": 1703, ""im1relation"": ""0"", ""im2relation"": ""1"", ""rep"": 0, ""pair_ind"": 9, ""im1"": ""https://raw.githubusercontent.com/amandasongmm/impression_personality/master/static/amt_responsible/144125.jpg"", ""im2"": ""https://raw.githubusercontent.com/amandasongmm/impression_personality/master/static/amt_responsible/085594.jpg"", ""tasktype"": ""ground_truth"", ""phase"": ""TEST"", ""hit"": true}"
debugWOR3GX:debugOW5W0N,31,1526542772681,"{""rt"": 1906, ""im1relation"": ""1"", ""im2relation"": ""0"", ""rep"": 0, ""pair_ind"": 25, ""im1"": ""https://raw.githubusercontent.com/amandasongmm/impression_personality/master/static/amt_responsible/127936.jpg"", ""im2"": ""https://raw.githubusercontent.com/amandasongmm/impression_personality/master/static/amt_responsible/164055.jpg"", ""tasktype"": ""ground_truth"", ""phase"": ""TEST"", ""hit"": true}"
debugWOR3GX:debugOW5W0N,32,1526542774187,"{""rt"": 1505, ""im1relation"": ""1"", ""im2relation"": ""0"", ""rep"": 0, ""pair_ind"": 23, ""im1"": ""https://raw.githubusercontent.com/amandasongmm/impression_personality/master/static/amt_responsible/094964.jpg"", ""im2"": ""https://raw.githubusercontent.com/amandasongmm/impression_personality/master/static/amt_responsible/052930.jpg"", ""tasktype"": ""ground_truth"", ""phase"": ""TEST"", ""hit"": true}"
debugWOR3GX:debugOW5W0N,33,1526542775165,"{""rt"": 977, ""im1relation"": ""1"", ""im2relation"": ""0"", ""rep"": 1, ""pair_ind"": 32, ""im1"": ""https://raw.githubusercontent.com/amandasongmm/impression_personality/master/static/amt_responsible/195507.jpg"", ""im2"": ""https://raw.githubusercontent.com/amandasongmm/impression_personality/master/static/amt_responsible/178011.jpg"", ""tasktype"": ""ground_truth"", ""phase"": ""TEST"", ""hit"": true}"
debugWOR3GX:debugOW5W0N,34,1526542776996,"{""rt"": 1830, ""im1relation"": ""0"", ""im2relation"": ""1"", ""rep"": 0, ""pair_ind"": 24, ""im1"": ""https://raw.githubusercontent.com/amandasongmm/impression_personality/master/static/amt_responsible/054159.jpg"", ""im2"": ""https://raw.githubusercontent.com/amandasongmm/impression_personality/master/static/amt_responsible/171608.jpg"", ""tasktype"": ""ground_truth"", ""phase"": ""TEST"", ""hit"": true}"
debugWOR3GX:debugOW5W0N,35,1526542778777,"{""rt"": 1780, ""im1relation"": ""0"", ""im2relation"": ""1"", ""rep"": 0, ""pair_ind"": 22, ""im1"": ""https://raw.githubusercontent.com/amandasongmm/impression_personality/master/static/amt_responsible/174697.jpg"", ""im2"": ""https://raw.githubusercontent.com/amandasongmm/impression_personality/master/static/amt_responsible/197796.jpg"", ""tasktype"": ""ground_truth"", ""phase"": ""TEST"", ""hit"": true}"
debugWOR3GX:debugOW5W0N,36,1526542780404,"{""rt"": 1626, ""im1relation"": ""1"", ""im2relation"": ""0"", ""rep"": 1, ""pair_ind"": 3, ""im1"": ""https://raw.githubusercontent.com/amandasongmm/impression_personality/master/static/amt_responsible/002208.jpg"", ""im2"": ""https://raw.githubusercontent.com/amandasongmm/impression_personality/master/static/amt_responsible/163099.jpg"", ""tasktype"": ""ground_truth"", ""phase"": ""TEST"", ""hit"": true}"
debugWOR3GX:debugOW5W0N,37,1526542781778,"{""rt"": 1373, ""im1relation"": ""0"", ""im2relation"": ""1"", ""rep"": 0, ""pair_ind"": 20, ""im1"": ""https://raw.githubusercontent.com/amandasongmm/impression_personality/master/static/amt_responsible/142159.jpg"", ""im2"": ""https://raw.githubusercontent.com/amandasongmm/impression_personality/master/static/amt_responsible/110505.jpg"", ""tasktype"": ""ground_truth"", ""phase"": ""TEST"", ""hit"": true}"
debugWOR3GX:debugOW5W0N,38,1526542784473,"{""rt"": 2694, ""im1relation"": ""0"", ""im2relation"": ""1"", ""rep"": 1, ""pair_ind"": 7, ""im1"": ""https://raw.githubusercontent.com/amandasongmm/impression_personality/master/static/amt_responsible/038546.jpg"", ""im2"": ""https://raw.githubusercontent.com/amandasongmm/impression_personality/master/static/amt_responsible/063159.jpg"", ""tasktype"": ""ground_truth"", ""phase"": ""TEST"", ""hit"": true}"
debugWOR3GX:debugOW5W0N,39,1526542787187,"{""rt"": 2714, ""im1relation"": ""1"", ""im2relation"": ""0"", ""rep"": 0, ""pair_ind"": 35, ""im1"": ""https://raw.githubusercontent.com/amandasongmm/impression_personality/master/static/amt_responsible/021576.jpg"", ""im2"": ""https://raw.githubusercontent.com/amandasongmm/impression_personality/master/static/amt_responsible/053836.jpg"", ""tasktype"": ""ground_truth"", ""phase"": ""TEST"", ""hit"": false}"
debugWOR3GX:debugOW5W0N,40,1526542790807,"{""rt"": 3619, ""im1relation"": ""1"", ""im2relation"": ""0"", ""rep"": 0, ""pair_ind"": 14, ""im1"": ""https://raw.githubusercontent.com/amandasongmm/impression_personality/master/static/amt_responsible/154490.jpg"", ""im2"": ""https://raw.githubusercontent.com/amandasongmm/impression_personality/master/static/amt_responsible/016460.jpg"", ""tasktype"": ""ground_truth"", ""phase"": ""TEST"", ""hit"": false}"
debugWOR3GX:debugOW5W0N,41,1526542792142,"{""rt"": 1335, ""im1relation"": ""1"", ""im2relation"": ""0"", ""rep"": 1, ""pair_ind"": 2, ""im1"": ""https://raw.githubusercontent.com/amandasongmm/impression_personality/master/static/amt_responsible/139565.jpg"", ""im2"": ""https://raw.githubusercontent.com/amandasongmm/impression_personality/master/static/amt_responsible/032883.jpg"", ""tasktype"": ""ground_truth"", ""phase"": ""TEST"", ""hit"": true}"
debugWOR3GX:debugOW5W0N,42,1526542793536,"{""rt"": 1393, ""im1relation"": ""1"", ""im2relation"": ""0"", ""rep"": 0, ""pair_ind"": 7, ""im1"": ""https://raw.githubusercontent.com/amandasongmm/impression_personality/master/static/amt_responsible/063159.jpg"", ""im2"": ""https://raw.githubusercontent.com/amandasongmm/impression_personality/master/static/amt_responsible/038546.jpg"", ""tasktype"": ""ground_truth"", ""phase"": ""TEST"", ""hit"": true}"
debugWOR3GX:debugOW5W0N,43,1526542795699,"{""rt"": 2163, ""im1relation"": ""0"", ""im2relation"": ""1"", ""rep"": 0, ""pair_ind"": 31, ""im1"": ""https://raw.githubusercontent.com/amandasongmm/impression_personality/master/static/amt_responsible/123211.jpg"", ""im2"": ""https://raw.githubusercontent.com/amandasongmm/impression_personality/master/static/amt_responsible/030595.jpg"", ""tasktype"": ""ground_truth"", ""phase"": ""TEST"", ""hit"": true}"
debugWOR3GX:debugOW5W0N,44,1526542797695,"{""rt"": 1996, ""im1relation"": ""0"", ""im2relation"": ""1"", ""rep"": 0, ""pair_ind"": 34, ""im1"": ""https://raw.githubusercontent.com/amandasongmm/impression_personality/master/static/amt_responsible/179277.jpg"", ""im2"": ""https://raw.githubusercontent.com/amandasongmm/impression_personality/master/static/amt_responsible/058057.jpg"", ""tasktype"": ""ground_truth"", ""phase"": ""TEST"", ""hit"": true}"
debugWOR3GX:debugOW5W0N,45,1526542799102,"{""rt"": 1406, ""im1relation"": ""0"", ""im2relation"": ""1"", ""rep"": 0, ""pair_ind"": 3, ""im1"": ""https://raw.githubusercontent.com/amandasongmm/impression_personality/master/static/amt_responsible/163099.jpg"", ""im2"": ""https://raw.githubusercontent.com/amandasongmm/impression_personality/master/static/amt_responsible/002208.jpg"", ""tasktype"": ""ground_truth"", ""phase"": ""TEST"", ""hit"": false}"
debugWOR3GX:debugOW5W0N,46,1526542800435,"{""rt"": 1332, ""im1relation"": ""1"", ""im2relation"": ""0"", ""rep"": 1, ""pair_ind"": 23, ""im1"": ""https://raw.githubusercontent.com/amandasongmm/impression_personality/master/static/amt_responsible/094964.jpg"", ""im2"": ""https://raw.githubusercontent.com/amandasongmm/impression_personality/master/static/amt_responsible/052930.jpg"", ""tasktype"": ""ground_truth"", ""phase"": ""TEST"", ""hit"": true}"
debugWOR3GX:debugOW5W0N,47,1526542801770,"{""rt"": 1334, ""im1relation"": ""0"", ""im2relation"": ""1"", ""rep"": 0, ""pair_ind"": 2, ""im1"": ""https://raw.githubusercontent.com/amandasongmm/impression_personality/master/static/amt_responsible/032883.jpg"", ""im2"": ""https://raw.githubusercontent.com/amandasongmm/impression_personality/master/static/amt_responsible/139565.jpg"", ""tasktype"": ""ground_truth"", ""phase"": ""TEST"", ""hit"": true}"
debugWOR3GX:debugOW5W0N,48,1526542803288,"{""rt"": 1518, ""im1relation"": ""0"", ""im2relation"": ""1"", ""rep"": 0, ""pair_ind"": 37, ""im1"": ""https://raw.githubusercontent.com/amandasongmm/impression_personality/master/static/amt_responsible/028928.jpg"", ""im2"": ""https://raw.githubusercontent.com/amandasongmm/impression_personality/master/static/amt_responsible/128593.jpg"", ""tasktype"": ""ground_truth"", ""phase"": ""TEST"", ""hit"": true}"
debugWOR3GX:debugOW5W0N,49,1526542804386,"{""rt"": 1097, ""im1relation"": ""1"", ""im2relation"": ""0"", ""rep"": 1, ""pair_ind"": 21, ""im1"": ""https://raw.githubusercontent.com/amandasongmm/impression_personality/master/static/amt_responsible/086414.jpg"", ""im2"": ""https://raw.githubusercontent.com/amandasongmm/impression_personality/master/static/amt_responsible/152827.jpg"", ""tasktype"": ""ground_truth"", ""phase"": ""TEST"", ""hit"": true}"
debugWOR3GX:debugOW5W0N,50,1526542805900,"{""rt"": 1513, ""im1relation"": ""0"", ""im2relation"": ""1"", ""rep"": 1, ""pair_ind"": 22, ""im1"": ""https://raw.githubusercontent.com/amandasongmm/impression_personality/master/static/amt_responsible/174697.jpg"", ""im2"": ""https://raw.githubusercontent.com/amandasongmm/impression_personality/master/static/amt_responsible/197796.jpg"", ""tasktype"": ""ground_truth"", ""phase"": ""TEST"", ""hit"": true}"
debugWOR3GX:debugOW5W0N,51,1526542807974,"{""rt"": 2074, ""im1relation"": ""0"", ""im2relation"": ""1"", ""rep"": 1, ""pair_ind"": 11, ""im1"": ""https://raw.githubusercontent.com/amandasongmm/impression_personality/master/static/amt_responsible/026582.jpg"", ""im2"": ""https://raw.githubusercontent.com/amandasongmm/impression_personality/master/static/amt_responsible/202381.jpg"", ""tasktype"": ""ground_truth"", ""phase"": ""TEST"", ""hit"": true}"
debugWOR3GX:debugOW5W0N,52,1526542808812,"{""rt"": 837, ""im1relation"": ""0"", ""im2relation"": ""1"", ""rep"": 1, ""pair_ind"": 12, ""im1"": ""https://raw.githubusercontent.com/amandasongmm/impression_personality/master/static/amt_responsible/053640.jpg"", ""im2"": ""https://raw.githubusercontent.com/amandasongmm/impression_personality/master/static/amt_responsible/124399.jpg"", ""tasktype"": ""ground_truth"", ""phase"": ""TEST"", ""hit"": true}"
debugWOR3GX:debugOW5W0N,53,1526542809773,"{""rt"": 960, ""im1relation"": ""0"", ""im2relation"": ""1"", ""rep"": 1, ""pair_ind"": 16, ""im1"": ""https://raw.githubusercontent.com/amandasongmm/impression_personality/master/static/amt_responsible/021977.jpg"", ""im2"": ""https://raw.githubusercontent.com/amandasongmm/impression_personality/master/static/amt_responsible/155810.jpg"", ""tasktype"": ""ground_truth"", ""phase"": ""TEST"", ""hit"": true}"
debugWOR3GX:debugOW5W0N,54,1526542810719,"{""rt"": 945, ""im1relation"": ""0"", ""im2relation"": ""1"", ""rep"": 0, ""pair_ind"": 36, ""im1"": ""https://raw.githubusercontent.com/amandasongmm/impression_personality/master/static/amt_responsible/003364.jpg"", ""im2"": ""https://raw.githubusercontent.com/amandasongmm/impression_personality/master/static/amt_responsible/105137.jpg"", ""tasktype"": ""ground_truth"", ""phase"": ""TEST"", ""hit"": true}"
debugWOR3GX:debugOW5W0N,55,1526542811935,"{""rt"": 1215, ""im1relation"": ""0"", ""im2relation"": ""1"", ""rep"": 1, ""pair_ind"": 9, ""im1"": ""https://raw.githubusercontent.com/amandasongmm/impression_personality/master/static/amt_responsible/144125.jpg"", ""im2"": ""https://raw.githubusercontent.com/amandasongmm/impression_personality/master/static/amt_responsible/085594.jpg"", ""tasktype"": ""ground_truth"", ""phase"": ""TEST"", ""hit"": true}"
debugWOR3GX:debugOW5W0N,56,1526542813309,"{""rt"": 1374, ""im1relation"": ""0"", ""im2relation"": ""1"", ""rep"": 0, ""pair_ind"": 6, ""im1"": ""https://raw.githubusercontent.com/amandasongmm/impression_personality/master/static/amt_responsible/042807.jpg"", ""im2"": ""https://raw.githubusercontent.com/amandasongmm/impression_personality/master/static/amt_responsible/059098.jpg"", ""tasktype"": ""ground_truth"", ""phase"": ""TEST"", ""hit"": false}"
debugWOR3GX:debugOW5W0N,57,1526542814920,"{""rt"": 1611, ""im1relation"": ""0"", ""im2relation"": ""1"", ""rep"": 0, ""pair_ind"": 13, ""im1"": ""https://raw.githubusercontent.com/amandasongmm/impression_personality/master/static/amt_responsible/161851.jpg"", ""im2"": ""https://raw.githubusercontent.com/amandasongmm/impression_personality/master/static/amt_responsible/050911.jpg"", ""tasktype"": ""ground_truth"", ""phase"": ""TEST"", ""hit"": false}"
debugWOR3GX:debugOW5W0N,58,1526542816618,"{""rt"": 1698, ""im1relation"": ""0"", ""im2relation"": ""1"", ""rep"": 1, ""pair_ind"": 14, ""im1"": ""https://raw.githubusercontent.com/amandasongmm/impression_personality/master/static/amt_responsible/016460.jpg"", ""im2"": ""https://raw.githubusercontent.com/amandasongmm/impression_personality/master/static/amt_responsible/154490.jpg"", ""tasktype"": ""ground_truth"", ""phase"": ""TEST"", ""hit"": true}"
debugWOR3GX:debugOW5W0N,59,1526542819921,"{""rt"": 3302, ""im1relation"": ""0"", ""im2relation"": ""1"", ""rep"": 0, ""pair_ind"": 8, ""im1"": ""https://raw.githubusercontent.com/amandasongmm/impression_personality/master/static/amt_responsible/096230.jpg"", ""im2"": ""https://raw.githubusercontent.com/amandasongmm/impression_personality/master/static/amt_responsible/062871.jpg"", ""tasktype"": ""ground_truth"", ""phase"": ""TEST"", ""hit"": true}"
debugWOR3GX:debugOW5W0N,60,1526542821081,"{""rt"": 1158, ""im1relation"": ""0"", ""im2relation"": ""1"", ""rep"": 0, ""pair_ind"": 38, ""im1"": ""https://raw.githubusercontent.com/amandasongmm/impression_personality/master/static/amt_responsible/031716.jpg"", ""im2"": ""https://raw.githubusercontent.com/amandasongmm/impression_personality/master/static/amt_responsible/153478.jpg"", ""tasktype"": ""ground_truth"", ""phase"": ""TEST"", ""hit"": true}"
debugWOR3GX:debugOW5W0N,61,1526542822062,"{""rt"": 980, ""im1relation"": ""0"", ""im2relation"": ""1"", ""rep"": 0, ""pair_ind"": 29, ""im1"": ""https://raw.githubusercontent.com/amandasongmm/impression_personality/master/static/amt_responsible/127601.jpg"", ""im2"": ""https://raw.githubusercontent.com/amandasongmm/impression_personality/master/static/amt_responsible/073886.jpg"", ""tasktype"": ""ground_truth"", ""phase"": ""TEST"", ""hit"": true}"
debugWOR3GX:debugOW5W0N,62,1526542823238,"{""rt"": 1176, ""im1relation"": ""0"", ""im2relation"": ""1"", ""rep"": 1, ""pair_ind"": 0, ""im1"": ""https://raw.githubusercontent.com/amandasongmm/impression_personality/master/static/amt_responsible/109934.jpg"", ""im2"": ""https://raw.githubusercontent.com/amandasongmm/impression_personality/master/static/amt_responsible/051703.jpg"", ""tasktype"": ""ground_truth"", ""phase"": ""TEST"", ""hit"": true}"
debugWOR3GX:debugOW5W0N,63,1526542824381,"{""rt"": 1142, ""im1relation"": ""1"", ""im2relation"": ""0"", ""rep"": 0, ""pair_ind"": 1, ""im1"": ""https://raw.githubusercontent.com/amandasongmm/impression_personality/master/static/amt_responsible/081442.jpg"", ""im2"": ""https://raw.githubusercontent.com/amandasongmm/impression_personality/master/static/amt_responsible/065232.jpg"", ""tasktype"": ""ground_truth"", ""phase"": ""TEST"", ""hit"": true}"
debugWOR3GX:debugOW5W0N,64,1526542825327,"{""rt"": 946, ""im1relation"": ""1"", ""im2relation"": ""0"", ""rep"": 0, ""pair_ind"": 18, ""im1"": ""https://raw.githubusercontent.com/amandasongmm/impression_personality/master/static/amt_responsible/146338.jpg"", ""im2"": ""https://raw.githubusercontent.com/amandasongmm/impression_personality/master/static/amt_responsible/126710.jpg"", ""tasktype"": ""ground_truth"", ""phase"": ""TEST"", ""hit"": true}"
debugWOR3GX:debugOW5W0N,65,1526542825329,"{""phase"": ""postquestionnaire"", ""status"": ""begin""}"
debugWOR3GX:debugOW5W0N,66,1526542829940,"{""phase"": ""postquestionnaire"", ""status"": ""submit""}"
